TR:SU2CLCMDA1444:CellLine,TR:SU2CLCDFC1004:CellLine,TR:SU2CLCMGH1148:CellLine,TR:SU2CLCUCD1143:CellLine,TR:SU2CLCMGH1414:CellLine,TR:SU2CLCDFCDF0241:CellLine,TR:SU2CLCMDA1563:CellLine,TR:SU2CLCMGH1163:CellLine,TR:SU2CLCDFCDF0033:CellLine,TR:SU2CLCDFC1539:CellLine,TR:SU2CLCCLENIVO10:CellLine,TR:SU2CLCMGH1169:CellLine,DA:ALL,TR:ARAF,TR:AREL1,TR:AXIN1,TR:BAG2,TR:BIRC6,TR:DUSP6,TR:GIT1,TR:GOLGA7,TR:KPNB1,TR:LTA,TR:parent_of_CDK5RAP21,TR:parent_of_CREBBP-1,TR:parent_of_EIF4E1,TR:parent_of_MYC1,TR:parent_of_STK31_____STK41,TR:PLPPR1,TR:PRPF19,TR:RAPGEF3,TR:RASSF6,TR:RBL2,TR:TRAF7,TR:ASB9,TR:BIRC7,TR:CAMK4,TR:CDON,TR:GADD45B,TR:LTB,TR:parent_of_ABL11,TR:parent_of_BRCA1-1,TR:parent_of_MYC-1,TR:parent_of_RPA1-1_____RPA2-1,TR:PIAS3,TR:RASSF1,TR:TAGLN2,TR:TAOK1,TR:BMF,TR:GHR,TR:IL4,TR:IL6,TR:parent_of_CSF2RA1_____CSF3R1,TR:parent_of_GNAI11_____GNAI21_____GNAI31_____JAK31,TR:parent_of_IL6ST1_____LIFR1,TR:PYCARD,TR:SPAG9,TR:NME1,TR:SPRY4,TR:ERBIN,TR:RNF149,TR:SIRT1,TR:EIF4EBP2,TR:CLK4,TR:FAM83G,TR:SMURF1,DV:ABL1,DV:ACTB,DV:ARF1,DV:BAK1,DV:BAX,DV:BCAR1,DV:BCL2,DV:BCL2L1,DV:BCL2L2,DV:BRAF,DV:BRCA1,DV:BRIP1,DV:CBL,DV:CDK5RAP2,DV:CHUK,DV:CREB1,DV:CREBBP,DV:CSF3R,DV:DIABLO,DV:EIF4E,DV:EIF4EBP1,DV:EP300,DV:ESR1,DV:FOXO1,DV:HDAC3,DV:HDAC5,DV:HRAS,DV:HTRA2,DV:IL13RA1,DV:IL4R,DV:IL6ST,DV:JAK2,DV:JAK3,DV:LATS1,DV:LIFR,DV:LTBR,DV:LYN,DV:MAP2K2,DV:MAP2K3,DV:MAP3K1,DV:MAP3K3,DV:MAP3K7,DV:MAPK14,DV:MCL1,DV:MET,DV:MINK1,DV:MTOR,DV:MYC,DV:NCOR1,DV:NCOR2,DV:NRAS,DV:parent_of_BAX-1,DV:parent_of_BRAF1,DV:parent_of_HRAS1_____KRAS1_____NRAS1,DV:parent_of_HRAS1_____NRAS1,DV:parent_of_LATS11_____LATS21,DV:parent_of_MAPK11_____MAPK31,DV:parent_of_RAF11,DV:PMAIP1,DV:PTPRC,DV:RAF1,DV:RAPGEF1,DV:RPA1,DV:RUNX2,DV:SMAD3,DV:SMAD6,DV:SMARCA4,DV:STK3,DV:STK4,DV:SYN1,DV:TRIM28,DV:WDR62,DV:WWTR1,DV:CSNK2A1,DV:LATS2,DV:MAP3K4,DV:parent_of_ACTB1,DV:parent_of_BRCA11,DV:RPA2,DV:SMAD1
1,0,0,0,0,0,0,0,0,0,0,0,0,1,1,1,1,1,1,1,1,1,1,1,1,1,1,1,1,1,1,1,1,1,0,0,0,0,0,0,0,0,0,0,0,0,0,0,0,0,0,0,0,0,0,0,0,0,0,0,0,0,0,0,0,0,0.5,0.5,0.5,0.5,0.5,0.5,0.5,0.5,0.5,0.5,0.5,0.5,0.5,0.5,0.5,0.5,0.5,0.5,0.5,0.5,0.5,0.5,0.5,0.5,0.5,0.5,0.5,0.5,0.5,0.5,0.5,0.5,0.5,0.5,0.5,0.5,0.5,0.5,0.5,0.5,0.5,0.5,0.5,0.5,0.5,0.5,0.5,0.5,0.5,0.5,0.5,0.5,0.5,0.5,0.5,0.5,0.5,0.5,0.5,0.5,0.5,0.5,0.5,0.5,0.5,0.5,0.5,0.5,0.5,0.5,0.5,0.5,0.5,0.5,0.5,0.5,0.5,0.5,0.5,0.5
1,0,0,0,0,0,0,0,0,0,0,0,10,1,1,1,1,1,1,1,1,1,1,1,1,1,1,1,1,1,1,1,1,1,0,0,0,0,0,0,0,0,0,0,0,0,0,0,0,0,0,0,0,0,0,0,0,0,0,0,0,0,0,0,0,0,0.4129835169866265,0.5457349185297162,0,0,0,0.23316663972889423,1,1,1,1,0.5457349185297162,0.5795480520446483,0.4476894452766001,0.7495782473506988,0.5075119125964651,0.30139313157656766,0.28468374243255623,0.4251451189637101,0.8170633312645608,0.5779832397963015,0,0.46142318515605646,0.2711870298136056,0.3842427798300703,0.7210313616069634,0.6468789903891856,1,0,0.36798709643684696,0.4251451189637101,0.4251451189637101,0.4129835169866265,0.344386958920704,0.693412752176964,0.4251451189637101,0.5813352759433108,1,1,0.03282754740245408,1,0.7283258309220416,0.43775783838082677,0,1,0.7652583725856719,0,0,0.775482067292441,1,0.6493604747271539,1,0.9508153442632907,1,1,1,0.5949840424657821,1,1,0,0.4559420778861187,1,1,0.6281435244785102,0.2783631680741931,0.5601577563723904,1,0.5756262629116944,0,0.583733675091306,0.5613396001495454,0.48716294257887627,0.741685276599512,0.4385505234623576,NA,NA,NA,NA,NA,NA,NA
0,1,0,0,0,0,0,0,0,0,0,0,0,1,1,1,1,1,1,1,1,1,1,1,0,1,0,1,1,0,1,0,0,1,1,1,1,1,1,1,1,1,1,1,1,1,1,1,0,0,0,0,0,0,0,0,0,0,0,0,0,0,0,0,0,0,0.5,0.5,0.5,0.5,0.5,0.5,0.5,0.5,0.5,0.5,0.5,0.5,0.5,0.5,0.5,0.5,0.5,0.5,0.5,0.5,0.5,0.5,0.5,0.5,0.5,0.5,0.5,0.5,0.5,0.5,0.5,0.5,0.5,0.5,0.5,0.5,0.5,0.5,0.5,0.5,0.5,0.5,0.5,0.5,0.5,0.5,0.5,0.5,0.5,0.5,0.5,0.5,0.5,0.5,0.5,0.5,0.5,0.5,0.5,0.5,0.5,0.5,0.5,0.5,0.5,0.5,0.5,0.5,0.5,0.5,0.5,0.5,0.5,0.5,0.5,0.5,0.5,0.5,0.5,0.5
0,1,0,0,0,0,0,0,0,0,0,0,10,1,1,1,1,1,1,1,1,1,1,1,0,1,0,1,1,0,1,0,0,1,1,1,1,1,1,1,1,1,1,1,1,1,1,1,0,0,0,0,0,0,0,0,0,0,0,0,0,0,0,0,0,0,0.8138628013543648,0.25188713092004694,0.37655518307697017,0.08268289793566218,0.33690605265676205,0.7474812096420622,0.7130550158454114,0.609683392366692,0.7130550158454114,0.9123463273653869,0.25188713092004694,0.3876546550067694,0.5471367069122959,1,0.7849106066407094,0.6217397941356412,0.6191194718131402,0.354541846871838,0.3226679098704775,0.7575819433222111,0.20595215583275803,1,NA,0.7417982734113414,0.3777530483478212,0.4360623006343023,NA,0.191110616518416,0.22952930187000392,0.2230147732767765,0.17754954797781175,0.2518154817610453,0.4220313755817245,0.3553904123900254,0.354541846871838,1,0.7333532254665971,0.8768460172755883,0.3760392781080396,1,0.8627243665810989,1,0.4181861428255813,0.7130550158454114,0.22190309022352356,0.3760392781080396,0.3980538289870113,0.3162066427563006,0.5083949828003266,0.16107694952580653,0.8081976061581623,0.7130550158454114,0.9235788861893217,0.9180144770984151,0.6929795783019108,0.48830356060895835,0.8768460172755883,0.674253922027731,0.2863474115547956,0.3292517833440839,0.6832388003465513,0.8100805551546941,0.2065618813538055,0.6217397941356412,0.7779735400453631,0.3354671889152343,0.06096853678116454,0.5961887302313718,0.8331058342662856,0.19390831090196484,0.8015734979753115,1,0.5435059092889358,0.3478057641209503,0.5099638934931485,0.8826556151410497,0.19390831090196484,0.19390831090196484,0.2237372352613178,0.5943026681333947
0,0,1,0,0,0,0,0,0,0,0,0,0,1,1,1,1,0,1,1,1,1,1,1,0,1,0,0,1,0,1,1,0,1,1,0,0,1,1,1,1,1,0,1,1,0,1,0,1,1,1,1,1,1,1,1,1,0,0,0,0,0,0,0,0,0,0.5,0.5,0.5,0.5,0.5,0.5,0.5,0.5,0.5,0.5,0.5,0.5,0.5,0.5,0.5,0.5,0.5,0.5,0.5,0.5,0.5,0.5,0.5,0.5,0.5,0.5,0.5,0.5,0.5,0.5,0.5,0.5,0.5,0.5,0.5,0.5,0.5,0.5,0.5,0.5,0.5,0.5,0.5,0.5,0.5,0.5,0.5,0.5,0.5,0.5,0.5,0.5,0.5,0.5,0.5,0.5,0.5,0.5,0.5,0.5,0.5,0.5,0.5,0.5,0.5,0.5,0.5,0.5,0.5,0.5,0.5,0.5,0.5,0.5,0.5,0.5,0.5,0.5,0.5,0.5
0,0,1,0,0,0,0,0,0,0,0,0,10,1,1,1,1,0,1,1,1,1,1,1,0,1,0,0,1,0,1,1,0,1,1,0,0,1,1,1,1,1,0,1,1,0,1,0,1,1,1,1,1,1,1,1,1,0,0,0,0,0,0,0,0,0,0.7608573975912056,0.2766846361282495,0.18537177151743736,NA,0.7142187429887606,0.16039939347273588,0.1958086666005609,0.2977758980145725,0.29034831158315344,1,0.2766846361282495,0.23308770691205768,0.20687557837622,0.8900802142010172,0.74604664338136,0.2927299528562183,0.43217917835709685,0.7950851487254336,1,0.8388784507951799,0.18368525625574592,0.33355520668055916,0.7328229330310423,0.74604664338136,0.5446324717483078,0.7355914274466114,0.7361933546864156,0.2631861624607851,0.7950851487254336,0.8996853502857627,0.7950851487254336,1,0.47112866530667913,NA,0.7950851487254336,0.7016378340227554,0.8095409028111237,0.7558115967229108,NA,0.7558115967229108,0.6001262845325266,0.7608573975912056,NA,0.43281002885389935,0.33516382644265386,NA,0.3264237854612158,NA,0.35698630886846866,0.2960230065126038,0.7361933546864156,0.2984840462101357,1,0.7768702137639611,0.839583430549766,0.3617608257205646,0.7558115967229108,1,0.6866049122669202,0.533422746029967,1,0.718431574098536,0.11809286029825296,0.5206707752862079,0.8537149597662259,0.2766846361282495,0.5,0.3248865953926187,NA,0.23308770691205768,0.764342204212462,0.7737973248467656,NA,0.07924605868098446,0.24484259968562075,0.605787270390137,0.23308770691205768,0.23308770691205768,0.25166329918300134,0.2970445936396494
0,0,0,1,0,0,0,0,0,0,0,0,0,0,0,0,0,0,0,0,0,0,1,1,0,0,0,1,0,0,0,1,0,1,1,0,0,1,1,1,1,1,0,1,0,1,1,1,0,0,0,0,0,0,0,0,1,1,1,0,0,0,0,0,0,0,0.5,0.5,0.5,0.5,0.5,0.5,0.5,0.5,0.5,0.5,0.5,0.5,0.5,0.5,0.5,0.5,0.5,0.5,0.5,0.5,0.5,0.5,0.5,0.5,0.5,0.5,0.5,0.5,0.5,0.5,0.5,0.5,0.5,0.5,0.5,0.5,0.5,0.5,0.5,0.5,0.5,0.5,0.5,0.5,0.5,0.5,0.5,0.5,0.5,0.5,0.5,0.5,0.5,0.5,0.5,0.5,0.5,0.5,0.5,0.5,0.5,0.5,0.5,0.5,0.5,0.5,0.5,0.5,0.5,0.5,0.5,0.5,0.5,0.5,0.5,0.5,0.5,0.5,0.5,0.5
0,0,0,1,0,0,0,0,0,0,0,0,10,0,0,0,0,0,0,0,0,0,1,1,0,0,0,1,0,0,0,1,0,1,1,0,0,1,1,1,1,1,0,1,0,1,1,1,0,0,0,0,0,0,0,0,1,1,1,0,0,0,0,0,0,0,0.5877482771589185,0.3875122512696367,0.6841210506850448,0.5237385332906062,0.5237385332906062,NA,0.9474835623577684,0.6641335369716913,0.4044678145512538,0.46770489800826076,0.3875122512696367,0.3460405961773409,0.5955753968438089,0.8051584623305523,0.6878352210831592,NA,0.689588432474582,NA,0.7082099251532638,NA,NA,0.6038512954668722,0.5234633684910622,NA,0.31159217750805424,0.46305403365670694,0.46623337724895586,0.5333469867111325,0.4312863131988152,NA,NA,0.46916257894409347,0.7415391683339667,0.3790764483934722,NA,0.73603475187801,0.42198969682688314,0.4974222855310271,1,0.4125953015136302,1,0.6137359259656479,0.6965678213235719,0.9474835623577684,0,0.7608482189463692,0.22091299116033908,NA,0.2360180840052645,0.4228313859082548,0.46623337724895586,NA,NA,0.3921361312667383,0.37590876166606124,NA,0.4974222855310271,0.3781376200370865,0,0.9518793141951364,0.4164122787965291,NA,0.3031360013622641,0.738211090795937,NA,NA,0.36892907972603556,0.3721277323921563,0.5782403533676104,0.3460405961773409,0.46630538491591617,0.6803896507152497,0.5317609987222816,0.5529034047309918,0.6363849999659191,1,0.3460405961773409,0.3460405961773409,0.3821304000965633,0.6185243406413572
0,0,0,0,1,0,0,0,0,0,0,0,0,0,0,1,0,0,0,0,0,0,1,0,0,0,1,1,0,0,0,0,0,1,0,0,0,0,0,1,0,0,0,1,0,1,0,1,1,1,0,0,0,0,1,1,1,1,1,1,1,1,0,0,0,0,0.5,0.5,0.5,0.5,0.5,0.5,0.5,0.5,0.5,0.5,0.5,0.5,0.5,0.5,0.5,0.5,0.5,0.5,0.5,0.5,0.5,0.5,0.5,0.5,0.5,0.5,0.5,0.5,0.5,0.5,0.5,0.5,0.5,0.5,0.5,0.5,0.5,0.5,0.5,0.5,0.5,0.5,0.5,0.5,0.5,0.5,0.5,0.5,0.5,0.5,0.5,0.5,0.5,0.5,0.5,0.5,0.5,0.5,0.5,0.5,0.5,0.5,0.5,0.5,0.5,0.5,0.5,0.5,0.5,0.5,0.5,0.5,0.5,0.5,0.5,0.5,0.5,0.5,0.5,0.5
0,0,0,0,1,0,0,0,0,0,0,0,10,0,0,1,0,0,0,0,0,0,1,0,0,0,1,1,0,0,0,0,0,1,0,0,0,0,0,1,0,0,0,1,0,1,0,1,1,1,0,0,0,0,1,1,1,1,1,1,1,1,0,0,0,0,0.5988385402628538,NA,1,0.8259189146574546,0.8259189146574546,NA,0.2925146892243602,NA,0.1578232568215843,0,NA,0.4756559535297746,0.6005600216174752,0.20947513588187316,0.7903282338605995,NA,0.5988385402628538,NA,0.4682768723911015,NA,0.6460985770283816,0.5988385402628538,0.3334485196499902,0.7903282338605995,0,NA,0.07765826876948906,1,NA,NA,0.5288378875824624,0.5988385402628538,NA,0.7715027815344419,0.5288378875824624,0.7118917169704304,0.406213523868992,0,0.6875981001102313,0.21693422091416592,0.6837710753424493,0.42065278666769634,0.662970819046448,0.2925146892243602,NA,0.6875981001102313,0.6759034198023737,0.5875007149209819,0,0,0,0.2796084677378208,0,0,0,0.7696814834116033,0,0,0.8640456426027008,NA,0,0,0.3680819123057506,NA,NA,0.6071516263574499,0.25731402686206317,0.7696814834116033,0.865542516272942,0.4756559535297746,1,0.45877456711038495,0,0.46451700554308273,0.7715027815344419,0.4062761590979885,NA,NA,0.4279256610836803,NA
0,0,0,0,0,1,0,0,0,0,0,0,0,0,0,0,1,1,0,0,0,0,1,1,1,0,0,0,0,0,0,1,0,0,1,1,1,1,1,1,1,1,1,1,0,0,1,0,0,1,1,1,1,1,1,1,0,0,0,0,1,0,1,0,0,0,0.5,0.5,0.5,0.5,0.5,0.5,0.5,0.5,0.5,0.5,0.5,0.5,0.5,0.5,0.5,0.5,0.5,0.5,0.5,0.5,0.5,0.5,0.5,0.5,0.5,0.5,0.5,0.5,0.5,0.5,0.5,0.5,0.5,0.5,0.5,0.5,0.5,0.5,0.5,0.5,0.5,0.5,0.5,0.5,0.5,0.5,0.5,0.5,0.5,0.5,0.5,0.5,0.5,0.5,0.5,0.5,0.5,0.5,0.5,0.5,0.5,0.5,0.5,0.5,0.5,0.5,0.5,0.5,0.5,0.5,0.5,0.5,0.5,0.5,0.5,0.5,0.5,0.5,0.5,0.5
0,0,0,0,0,1,0,0,0,0,0,0,10,0,0,0,1,1,0,0,0,0,1,1,1,0,0,0,0,0,0,1,0,0,1,1,1,1,1,1,1,1,1,1,0,0,1,0,0,1,1,1,1,1,1,1,0,0,0,0,1,0,1,0,0,0,1,0,NA,0.8838205871534833,0.8838205871534833,0.6019603750298137,0.6043766593782606,0.7762379829269637,0,0.25706327535419027,0,0,0.3042230245720494,0.7753722866711573,0.43999397109983707,0.3975520518974217,0.3975520518974217,1,0.34227401091767523,0.3975520518974217,0.559560437807863,0.3975520518974217,0.5362618434008724,0.5650896895212975,NA,NA,NA,0.7215258952212672,1,1,1,0.9129116276836406,1,0.08820658145990071,1,0.6730926296508917,0.8783889720655058,0.25558480442760756,NA,NA,0.5242522687816101,0.6019603750298137,NA,0.6043766593782606,0.6730926296508917,0.5883835585459571,0.6456887173823637,0.3975520518974217,0.42771196964817004,0.37982398047319654,NA,0.14664773682053878,0.30563312732081765,NA,NA,0,0.25558480442760756,0.5976835623003584,0.46935351382180257,0,0.6276419482731925,NA,0,NA,0,0.3975520518974217,0.2912376430056169,0,0,0,0.6970582745824366,0.7134539216771045,1,0.3290687092178626,0.08820658145990071,1,0,0,0,0.3915979141455972
0,0,0,0,0,0,1,0,0,0,0,0,0,0,0,1,0,1,0,1,0,0,1,1,1,0,1,1,0,0,0,0,1,1,1,1,1,1,1,1,1,1,0,1,0,1,1,0,1,1,1,1,1,1,1,0,0,0,0,0,0,1,1,0,0,0,0.5,0.5,0.5,0.5,0.5,0.5,0.5,0.5,0.5,0.5,0.5,0.5,0.5,0.5,0.5,0.5,0.5,0.5,0.5,0.5,0.5,0.5,0.5,0.5,0.5,0.5,0.5,0.5,0.5,0.5,0.5,0.5,0.5,0.5,0.5,0.5,0.5,0.5,0.5,0.5,0.5,0.5,0.5,0.5,0.5,0.5,0.5,0.5,0.5,0.5,0.5,0.5,0.5,0.5,0.5,0.5,0.5,0.5,0.5,0.5,0.5,0.5,0.5,0.5,0.5,0.5,0.5,0.5,0.5,0.5,0.5,0.5,0.5,0.5,0.5,0.5,0.5,0.5,0.5,0.5
0,0,0,0,0,0,1,0,0,0,0,0,10,0,0,1,0,1,0,1,0,0,1,1,1,0,1,1,0,0,0,0,1,1,1,1,1,1,1,1,1,1,0,1,0,1,1,0,1,1,1,1,1,1,1,0,0,0,0,0,0,1,1,0,0,0,1,0,0.4522972660953063,0.45603796177036304,0.30963029051182994,0.8216575121865519,0.39787666447491915,NA,0.7226975841131205,0.5643670577938729,0,0.3615769933149438,0.6183507646344394,1,0.820210405994425,0.7306559473147417,0.20261217863463923,0.6196277031594223,0.2938092787276852,0.31135159091983555,0.6606644387068443,0.04941493605689268,0.8164731016945768,0.5313317886932204,0.20686349743181576,0.9093103262078526,0.4996133822293687,0.5,0.6196277031594223,0.7991434345449673,0.6196277031594223,0.6763383137547587,0.5607675713820987,0.9018663693786633,0.6196277031594223,0.8675930753768273,0.6785378257153717,0.6488393265558888,0.11799664947942218,0.6304586869268759,0.957936953666731,0.7822175839165485,0.39003044588517344,0.39787666447491915,0.5589345871688598,0.3133840042258881,0.6062845720782695,0.5960221575225694,0.2623196572767738,0.2623196572767738,0.4996133822293687,0.70684504659788,NA,0.3922777637718535,NA,0.9969152754601287,NA,NA,NA,0.5578830642358384,NA,NA,0.03386411085468371,0.3128889678950257,0.38809322849543343,0.17328013146758134,0.6198620990538497,0.8145145553517119,0.8950358000883438,0.0654800604906048,0,1,0.18495464817948,0.1454301061716099,0.9018663693786633,1,0.0654800604906048,0.050812373035626315,0.04123466340703143,0.1313689835155652
0,0,0,0,0,0,0,1,0,0,0,0,0,1,1,0,0,1,1,1,1,0,1,0,0,0,0,0,1,0,1,1,1,1,1,1,1,1,1,1,1,1,0,1,0,0,1,1,0,1,1,1,1,1,1,0,0,0,0,0,0,0,0,0,0,0,0.5,0.5,0.5,0.5,0.5,0.5,0.5,0.5,0.5,0.5,0.5,0.5,0.5,0.5,0.5,0.5,0.5,0.5,0.5,0.5,0.5,0.5,0.5,0.5,0.5,0.5,0.5,0.5,0.5,0.5,0.5,0.5,0.5,0.5,0.5,0.5,0.5,0.5,0.5,0.5,0.5,0.5,0.5,0.5,0.5,0.5,0.5,0.5,0.5,0.5,0.5,0.5,0.5,0.5,0.5,0.5,0.5,0.5,0.5,0.5,0.5,0.5,0.5,0.5,0.5,0.5,0.5,0.5,0.5,0.5,0.5,0.5,0.5,0.5,0.5,0.5,0.5,0.5,0.5,0.5
0,0,0,0,0,0,0,1,0,0,0,0,10,1,1,0,0,1,1,1,1,0,1,0,0,0,0,0,1,0,1,1,1,1,1,1,1,1,1,1,1,1,0,1,0,0,1,1,0,1,1,1,1,1,1,0,0,0,0,0,0,0,0,0,0,0,0.9460990288202337,0.07652581734845948,0.13145839670621595,0.4626137430099891,0.33015488633071205,NA,NA,0.5995053208635597,0.6714947865135157,1,0.10402056792052489,0,0,0.3100664468229578,0.2750623127546665,0.6049517753357794,NA,0.7151791056688357,0,0.5197292349184202,0.46291335738564526,0.7098457575164148,0.5089887842277204,0.5305252957734641,0.6408339404115411,0.38883488684669626,0.8101709502859394,0.18913531849872176,0.6138515831507863,0.6003314780624337,0.5888741268921,0.5265461687166347,NA,0.4247341837291622,0.7151791056688357,0.5150537414348105,0.7959514197913671,0.8433317733508978,0.8335411337688181,0.6512252704556064,0.7118012102438402,0.6045143484888418,0.7697554174705936,NA,NA,0.8335411337688181,0.9027189167527463,NA,0.4738662117053436,0.5846923566982736,0.8101709502859394,0.6714947865135157,1,0.8035793767808148,0.9600083325126014,0.23874148264091535,0.8433317733508978,0.887525777451224,0.3279487914366741,0.5701492166170354,0.8946709411360052,0.8033334103171421,0,1,NA,1,0,0.23874148264091535,0.40771224649575094,0.07547151096043936,0.4469650529460496,0.46567039846414804,0.6106689173825145,1,0.41413751574311575,0.9741078541582149,0.07547151096043936,0.10290940366998726,0.08754429890480832,1
0,0,0,0,0,0,0,0,1,0,0,0,0,0,0,1,0,0,0,0,0,1,0,1,0,1,1,0,0,1,0,1,0,1,0,1,1,1,0,0,0,0,0,0,1,0,0,1,0,0,0,0,0,0,0,1,1,1,1,1,1,0,0,1,1,1,0.5,0.5,0.5,0.5,0.5,0.5,0.5,0.5,0.5,0.5,0.5,0.5,0.5,0.5,0.5,0.5,0.5,0.5,0.5,0.5,0.5,0.5,0.5,0.5,0.5,0.5,0.5,0.5,0.5,0.5,0.5,0.5,0.5,0.5,0.5,0.5,0.5,0.5,0.5,0.5,0.5,0.5,0.5,0.5,0.5,0.5,0.5,0.5,0.5,0.5,0.5,0.5,0.5,0.5,0.5,0.5,0.5,0.5,0.5,0.5,0.5,0.5,0.5,0.5,0.5,0.5,0.5,0.5,0.5,0.5,0.5,0.5,0.5,0.5,0.5,0.5,0.5,0.5,0.5,0.5
0,0,0,0,0,0,0,0,1,0,0,0,10,0,0,1,0,0,0,0,0,1,0,1,0,1,1,0,0,1,0,1,0,1,0,1,1,1,0,0,0,0,0,0,1,0,0,1,0,0,0,0,0,0,0,1,1,1,1,1,1,0,0,1,1,1,0.18429274727857356,0.823584326152407,0.6182462220423834,0.613199440813655,0.613199440813655,0,0.5503111919967031,0.5775481288707959,0.30671547181422465,0.240048772055085,0.823584326152407,0.5330783847104598,0.4039033790096364,0.9698256352015535,0.6117964631452313,1,1,0.4420443749455866,0.2450092527013417,1,0,0.78153376994533,0,0.744881601720711,0.4125555112962927,0,0.3513911065515707,0.6480756596717625,0.4420443749455866,0.38770622465298266,0.4420443749455866,0.4039033790096364,0.38770622465298266,0,0.4420443749455866,0.22605094339852547,0.4039033790096364,0.3288743149673627,1,0.2753047496834993,0.6159993795833636,0.41707961305988767,0.9338147462930582,0.5503111919967031,0.4420443749455866,1,0.9872539923159618,1,0.4039033790096364,0.4039033790096364,0.3513911065515707,0.3845885879589882,0.29764696006956537,0.212528190382337,0.3019027707709607,0,0.3288743149673627,0.3752667512047997,0.4567578329662815,0.5025138002343644,0.3434180673014424,0.3812500795753367,0.696528503296748,1,1,1,0.4323561246242606,0,0.39899044671915157,0.6993592494319255,0.35261783357347914,0.6822095576424394,1,0.23435388823026468,0,0.4102708928896695,0.6993592494319255,0.6993592494319255,0.6919275093397911,0.5427374756710941
0,0,0,0,0,0,0,0,0,1,0,0,0,0,0,0,1,1,0,1,1,0,1,1,1,0,0,0,1,1,0,1,1,1,0,1,1,0,0,1,0,0,1,0,0,0,0,0,0,0,0,0,0,0,0,0,0,0,0,0,1,0,1,0,1,0,0.5,0.5,0.5,0.5,0.5,0.5,0.5,0.5,0.5,0.5,0.5,0.5,0.5,0.5,0.5,0.5,0.5,0.5,0.5,0.5,0.5,0.5,0.5,0.5,0.5,0.5,0.5,0.5,0.5,0.5,0.5,0.5,0.5,0.5,0.5,0.5,0.5,0.5,0.5,0.5,0.5,0.5,0.5,0.5,0.5,0.5,0.5,0.5,0.5,0.5,0.5,0.5,0.5,0.5,0.5,0.5,0.5,0.5,0.5,0.5,0.5,0.5,0.5,0.5,0.5,0.5,0.5,0.5,0.5,0.5,0.5,0.5,0.5,0.5,0.5,0.5,0.5,0.5,0.5,0.5
0,0,0,0,0,0,0,0,0,1,0,0,10,0,0,0,1,1,0,1,1,0,1,1,1,0,0,0,1,1,0,1,1,1,0,1,1,0,0,1,0,0,1,0,0,0,0,0,0,0,0,0,0,0,0,0,0,0,0,0,1,0,1,0,1,0,0.4553538144436786,0.6270956738668728,0.3116461695611285,NA,NA,0.6470951015480373,0.6993901516710209,0.594646110898766,NA,0.4321593821106585,0.6270956738668728,0.6777968415251635,0.7395850478496466,1,0.6345883315438072,0.7037523081318529,0.4553538144436786,0.041411410625256086,0.08353263939195665,0.3523726355675824,0.6255410195765689,0.4553538144436786,0.6358099668921988,0,0.4902060671984094,0.6041354820073537,0.6445740858140967,NA,0.15695220050184178,0.003988787692686177,0.22513343802802696,0.32287780276651806,0.40024077009071646,0.42916983105389084,0.041411410625256086,0.8788182208258699,0.5754264438324154,NA,0.38137444113059893,0.5287370551773247,0.7367830446973238,0.7785679141879477,0.46230310500435906,0.6993901516710209,0.6445740858140967,0.38137444113059893,NA,0.3523726355675824,0.42089730166465744,NA,0.6058931606480137,NA,0.4256740785201948,0.6965265924934372,0.6965265924934372,0.6263292501769001,NA,0.9022001163871816,0.233727467268542,NA,0.835978020548781,0.36169651096468824,0.7850481734507871,0.37239186553236403,0.4398823217498413,0.5288409849151577,1,0.17114975588171336,0.2952432084991175,0.6777968415251635,0.5824824432835329,1,0.3523726355675824,0,0.8514823881684311,0.362437284362421,0.6777968415251635,0.6777968415251635,0.6800986153929203,0.4248250766004283
0,0,0,0,0,0,0,0,0,0,1,0,0,1,0,1,1,0,1,1,0,0,0,1,1,0,1,0,0,1,0,0,0,1,0,0,0,0,0,0,0,0,0,0,0,0,0,0,1,0,0,0,0,0,0,1,0,0,0,1,0,0,1,1,1,0,0.5,0.5,0.5,0.5,0.5,0.5,0.5,0.5,0.5,0.5,0.5,0.5,0.5,0.5,0.5,0.5,0.5,0.5,0.5,0.5,0.5,0.5,0.5,0.5,0.5,0.5,0.5,0.5,0.5,0.5,0.5,0.5,0.5,0.5,0.5,0.5,0.5,0.5,0.5,0.5,0.5,0.5,0.5,0.5,0.5,0.5,0.5,0.5,0.5,0.5,0.5,0.5,0.5,0.5,0.5,0.5,0.5,0.5,0.5,0.5,0.5,0.5,0.5,0.5,0.5,0.5,0.5,0.5,0.5,0.5,0.5,0.5,0.5,0.5,0.5,0.5,0.5,0.5,0.5,0.5
0,0,0,0,0,0,0,0,0,0,1,0,10,1,0,1,1,0,1,1,0,0,0,1,1,0,1,0,0,1,0,0,0,1,0,0,0,0,0,0,0,0,0,0,0,0,0,0,1,0,0,0,0,0,0,1,0,0,0,1,0,0,1,1,1,0,0.17091102101387207,0.7621732079568089,NA,1,1,0.3778805896216153,NA,0.23636737920637518,0,0.6462171373674492,0.7621732079568089,0.7296793519624439,0.7895464332162615,1,NA,0.2870954340782259,0.2870954340782259,0.3667064486872755,1,0.020560369358443107,0.8819057491282911,0.3194902614961082,0.9265074995410298,0.40313963543648834,0.3194902614961082,0.7960118640197239,0.2605674982232285,0.9828358411615885,0.3667064486872755,0.6657292348309638,0.3667064486872755,NA,0.7582404012843664,0.2870954340782259,0.3667064486872755,0.1293542411941346,0.37437713776321296,0.6043060620957917,NA,0.3079888643126931,0.6345741521283813,0.3079888643126931,0.14551213669333654,NA,0.7946779682982755,0.09525166752630573,0.7007463336234517,0.8841048837228178,0.2870954340782259,0.2870954340782259,NA,0,0.6358929514834761,0.3335720432184071,0.3806327097569307,0.5344440385521121,0.6043060620957917,0.5858585138910695,0.6968083820735642,0.8899959116184992,0.6216123790209692,0.47400848934086454,0.8245203384309614,0.35649281349477713,0.19579202040649166,0.6216123790209692,0.34758829342150344,NA,0.5902166807897656,0.7296793519624439,0.8222100785164381,0.8296292570008499,0.737407554057126,0.06605917021577466,0.7123077332382609,0.2964790060801706,0.7296793519624439,0.7296793519624439,0.7079015198961909,0.2619707608596564
0,0,0,0,0,0,0,0,0,0,0,1,0,1,1,0,1,0,1,1,1,0,1,1,1,0,0,0,1,0,1,1,1,0,1,1,0,0,0,1,1,1,1,1,0,0,1,0,1,0,0,0,0,1,0,0,0,0,0,0,0,1,1,0,0,0,0.5,0.5,0.5,0.5,0.5,0.5,0.5,0.5,0.5,0.5,0.5,0.5,0.5,0.5,0.5,0.5,0.5,0.5,0.5,0.5,0.5,0.5,0.5,0.5,0.5,0.5,0.5,0.5,0.5,0.5,0.5,0.5,0.5,0.5,0.5,0.5,0.5,0.5,0.5,0.5,0.5,0.5,0.5,0.5,0.5,0.5,0.5,0.5,0.5,0.5,0.5,0.5,0.5,0.5,0.5,0.5,0.5,0.5,0.5,0.5,0.5,0.5,0.5,0.5,0.5,0.5,0.5,0.5,0.5,0.5,0.5,0.5,0.5,0.5,0.5,0.5,0.5,0.5,0.5,0.5
0,0,0,0,0,0,0,0,0,0,0,1,10,1,1,0,1,0,1,1,1,0,1,1,1,0,0,0,1,0,1,1,1,0,1,1,0,0,0,1,1,1,1,1,0,0,1,0,1,0,0,0,0,1,0,0,0,0,0,0,0,1,1,0,0,0,0.7624712159251985,0.20705015316678818,0.3583291454890857,0.1479506064096692,0.1479506064096692,0.704676883179078,0.28409163057235126,0.40323783032521987,1,0.7835168871297175,0.20705015316678818,NA,NA,0.5860616084076304,0,0.7543772820686027,0,NA,0.3700156888154975,0.1861247616889831,0.5249958204959413,0.28423308814398435,0.9110908968287273,0.3205242331601478,0.9245553544821151,NA,0.6456134528676909,0.3538557512912791,0.3617611087135978,0.36347272747984927,NA,NA,0.36347272747984927,0.6229464023715833,NA,NA,0.6596112947043853,0.7288410666863449,0.19856991769024795,0.4763699924411334,0,0.7299587317614749,0.28423308814398435,0.28409163057235126,0.7354882429564956,0.3118363162660504,0.3707164863587151,0.062492597379787365,0.3205242331601478,0.7837930322019182,0.6456134528676909,0.8803733708725376,0.7729108541741536,0.6465969874883217,0.7298896631871992,0.9255444133305153,0.6129911142164598,0.8308304165575198,0.5975157862883624,0.3466102466055226,0.844036579841017,0.6411444835863668,0.3436399960232767,0.3422865196831281,0.2680027614754817,0.7162450873287801,1,0.3378134077098313,0.12750027373903797,0.2292541177691067,NA,0.38022317806060735,0.011512951939231596,0.22897165985854712,0.9570149937091825,0,0.2292541177691067,0.2292541177691067,0.2063075024869619,0.3118363162660504
