source,score,level,source_original
AANAT,-0.5783594953051894,3,AANAT
ABL1,-1.786395056126881,2,ABL1
ACAA2,-2.398618038861566,4,ACAA2
ACE2,2.3466975644916177,5,ACE2
ACTB,2.194224077426985,3,ACTB
ACTN1,2.1496118426984445,3,ACTN1
ADIPOQ,-2.169113498530405,5,ADIPOQ
ADM,1.7731328996437057,4,ADM
ADRA1A,0.9960309973115246,3,ADRA1A
ADRB2,0.9960309973115246,3,ADRB2
AGT,2.7834704133836783,4,AGT
AGTR1,1.0142150484435952,3,AGTR1
AKAP5,0.33815324890843934,2,AKAP5
AKT1S1,-1.5626211608489236,3,AKT1S1
AKT2,1.3424978439271509,2,AKT2
AKT3,1.4582752375200003,2,AKT3
ALK,-0.500915916251012,3,ALK
ANXA1,1.155519088572126,5,ANXA1
APAF1,-2.256628455043185,4,APAF1
APEX1,-0.34023103152672035,2,APEX1
APIP,1.9998095328926009,5,APIP
APLN,1.155519088572126,5,APLN
APOA1,1.8687022233217092,4,APOA1
APPL1,-1.5590301743033304,3,APPL1
AR,0.30563251408018793,2,AR
ARF1,2.217710489776964,4,ARF1
ARF6,0.8216640446683472,5,ARF6
ARHGAP1,-1.2056166111556958,3,ARHGAP1
ARHGEF2,0.33710231539427843,3,ARHGEF2
ARHGEF7,1.5369204223881916,3,ARHGEF7
ARRB2,-0.925164946202503,4,ARRB2
ASAP2,-1.8546468078269704,5,ASAP2
ASB3,1.088701408309889,4,ASB3
ASB9,-2.5502697013686704,5,ASB9
ATF3,2.2196496555107172,5,ATF3
ATG9A,-0.6768616734482342,5,ATG9A
ATR,-0.46993946508464335,2,ATR
AVPR1B,1.5086218635391127,3,AVPR1B
AXIN2,-1.748602440771454,2,AXIN2
AXL,0.5771538169414866,4,AXL
BAD,-0.34023103152672035,2,BAD
BAG2,-1.2606910159730162,4,BAG2
BAK1,0.500915916251012,3,BAK1
BAX,0.500915916251012,3,BAX
BCAP31,2.4549990634193994,4,BCAP31
BCL2L1,0.9742188716956173,4,BCL2L1
BCL2L2,-0.7701114196312717,4,BCL2L2
BCR,-0.6727214179086142,3,BCR
BDKRB1,0.9621481838582147,3,BDKRB1
BECN1,-0.4142114191242021,3,BECN1
BID,0.7701114196312717,4,BID
BIRC6,1.8879490661637686,4,BIRC6
BIRC7,-0.5513002441050747,5,BIRC7
BLVRA,1.2379818280569144,2,BLVRA
BNIP3,1.7742269026577329,3,BNIP3
BRAF,-1.3605245611293089,3,BRAF
BRAP,0.2910033032382466,3,BRAP
BRCA1,1.181720765410888,3,BRCA1
BRD2,-0.500915916251012,3,BRD2
BRIP1,-0.500915916251012,3,BRIP1
BRSK1,5.3798399869304125,4,BRSK1
BTG3,8.314411147309524,2,BTG3
BTK,-0.745261869922983,4,BTK
C1RL,1.1915943959887656,6,C1RL
CAMK1,0.5513336970385426,2,CAMK1
CAMK4,0.5064651801338451,2,CAMK4
CAPN1,-1.748602440771454,2,CAPN1
CAPN2,-1.748602440771454,2,CAPN2
CAPN3,-1.748602440771454,2,CAPN3
CAPNS1,-2.1496118426984445,3,CAPNS1
CARD11,-1.088701408309889,4,CARD11
CARD18,0.6536510400155617,4,CARD18
CARD8,2.256628455043185,4,CARD8
CARM1,0.5078076319852453,2,CARM1
CASP1,-0.5714236911014869,3,CASP1
CASP12,-0.9537077335065982,4,CASP12
CASP2,-0.6250441534047757,3,CASP2
CASP4,-1.0108177319596043,4,CASP4
CASP5,-0.5459639847670344,4,CASP5
CASP6,-2.320657993417816,2,CASP6
CASP8,-1.5615220386743947,3,CASP8
CASP8AP2,-1.2671197792849338,4,CASP8AP2
CASP9,-1.4261777443804677,3,CASP9
CAST,3.76684441644759,3,CAST
CAV1,0.3628308542562504,3,CAV1
CBX4,-0.421623390173192,1,CBX4
CCK,1.7731328996437057,4,CCK
CCL16,0.8465497108820206,5,CCL16
CD40,-0.6250441534047757,3,CD40
CD40LG,-0.5538816502370619,4,CD40LG
CDC25A,-0.5299917077222897,2,CDC25A
CDC42,1.5471512248092816,2,CDC42
CDK5,-0.42347089873831306,2,CDK5
CDKN1B,0.6250441534047757,3,CDKN1B
CDON,0.38818550435532384,2,CDON
CFLAR,1.7418769601625617,4,CFLAR
CHEK1,-0.34023103152672035,2,CHEK1
CHEK2,-0.34023103152672035,2,CHEK2
CHRM1,1.079472979231742,3,CHRM1
CHRM5,1.5086218635391127,3,CHRM5
CHUK,0.2591848670636744,2,CHUK
CLASP2,-2.4189129688552997,4,CLASP2
CLK1,1.9110191659025961,3,CLK1
CLK4,2.194224077426985,3,CLK4
CLOCK,-0.5276736894152698,6,CLOCK
CMA1,2.543145246420379,5,CMA1
CNKSR1,-0.6250957133080434,4,CNKSR1
COPS3,0.5005199782399014,4,COPS3
COX5B,-1.9998095328926009,5,COX5B
CRADD,-2.38668522121473,4,CRADD
CREB1,0.27562904193373555,1,CREB1
CRHR1,1.9371072641639846,3,CRHR1
CRKL,-0.446805726414275,2,CRKL
CRLF1,-0.5823018419128202,5,CRLF1
CSDE1,-1.714483794971694,6,CSDE1
CSNK1A1,-0.7907132587574716,2,CSNK1A1
CSNK1D,1.967683816232186,2,CSNK1D
CSNK1E,2.555816184843112,2,CSNK1E
CTBP1,0.421623390173192,1,CTBP1
CTNNB1,0.2616588028448319,1,CTNNB1
CTNND1,0.2566468250531383,3,CTNND1
CTSG,0.5597486088068757,4,CTSG
CTTNBP2,3.5925234714904715,5,CTTNBP2
CTTNBP2NL,-1.1467055555792238,4,CTTNBP2NL
CYSLTR2,1.9371072641639846,3,CYSLTR2
CYTH2,1.8546468078269704,5,CYTH2
DAB2IP,-1.4428473098219867,2,DAB2IP
DAPK1,-0.4715372062051636,2,DAPK1
DCC,-0.6250441534047757,3,DCC
DEF6,1.7003189670994796,3,DEF6
DIABLO,0.7063268866807405,4,DIABLO
DKK1,-0.7672196465297708,3,DKK1
DKK2,-1.4119596474070641,3,DKK2
DKK4,-1.228356998519011,3,DKK4
DLC1,-0.6060989026346193,5,DLC1
DLG4,0.4071300800488366,5,DLG4
DLGAP1,3.5365217834285514,5,DLGAP1
DLX5,2.110291092473943,0,DLX5
DOCK7,1.5369204223881916,3,DOCK7
DPYSL2,-0.7674232636823258,6,DPYSL2
DRD1,0.9960309973115246,3,DRD1
DTX1,-0.3549444322996052,1,DTX1
DVL2,0.2591848670636744,2,DVL2
DVL3,1.0767680282126322,3,DVL3
DYNLL2,0.7271370328282931,5,DYNLL2
DYRK2,-0.344799906587353,2,DYRK2
DYRK3,2.4566115759267775,4,DYRK3
E2F2,0.5826789167674411,4,E2F2
ECE1,2.1125500364025736,5,ECE1
EDN1,2.5146829511565327,4,EDN1
EDN2,1.7731328996437057,4,EDN2
EDN3,1.7731328996437057,4,EDN3
EDNRA,1.3464585069164792,3,EDNRA
EFNA2,-0.7117602385961554,4,EFNA2
EFNA3,-0.682027663751249,4,EFNA3
EFNA5,-0.9420011456639686,4,EFNA5
EFR3A,1.2804082687684453,4,EFR3A
EGFR,0.446805726414275,2,EGFR
EGLN2,0.7793034734559537,4,EGLN2
EGLN3,0.8189644587394701,4,EGLN3
EGR1,-0.34023103152672035,2,EGR1
EHMT1,-0.6250441534047757,3,EHMT1
EIF2AK3,-0.49868474030760285,4,EIF2AK3
EIF4EBP1,-0.2591848670636744,2,EIF4EBP1
ENPEP,-1.4698976888410866,5,ENPEP
EP300,0.2620593282463993,1,EP300
EPB41,-0.6250441534047757,3,EPB41
EPHA2,0.5804498104174535,4,EPHA2
EPHA4,-0.36538390826640255,3,EPHA4
ETS1,-0.30231573686926017,3,ETS1
EVI5,-0.797775673944346,5,EVI5
F10,2.2053461236104925,5,F10
F11,-0.9557778277576535,5,F11
F2,2.6213069267588667,4,F2
F2RL1,0.9621481838582147,3,F2RL1
F2RL2,0.2784470392216355,3,F2RL2
F7,1.7031879513968473,6,F7
FADD,-2.747900091748463,4,FADD
FAM107A,1.5960422913924008,3,FAM107A
FAM20C,1.088701408309889,4,FAM20C
FAM83G,2.5502697013686704,5,FAM83G
FANCM,-0.500915916251012,3,FANCM
FBXL12,-0.5367689993753552,3,FBXL12
FBXO3,1.404803051900301,2,FBXO3
FBXO8,-0.6258939204811267,6,FBXO8
FBXO9,1.7742269026577329,3,FBXO9
FFAR2,1.3464585069164792,3,FFAR2
FGFR1,-0.446805726414275,2,FGFR1
FGFR3,-0.30231573686926017,3,FGFR3
FGFR4,-0.30231573686926017,3,FGFR4
FGR,-0.5020440306206323,3,FGR
FKBP4,1.6933812708469296,3,FKBP4
FKBP6,-1.1178604866470072,4,FKBP6
FKBP8,1.4297707063202212,2,FKBP8
FLCN,2.0887935809210205,4,FLCN
FOS,2.2196496555107172,5,FOS
FOXG1,0.6507440407140218,4,FOXG1
FOXL2,0.2662404032433174,4,FOXL2
FOXO1,-0.32332156857158034,3,FOXO1
FOXO3,-0.411937046133063,3,FOXO3
FZD1,0.2591848670636744,2,FZD1
FZD3,0.2591848670636744,2,FZD3
FZD8,1.228356998519011,3,FZD8
G3BP1,-0.4702120664772497,3,G3BP1
GALR2,1.9371072641639846,3,GALR2
GAPDH,0.8962609015075105,3,GAPDH
GAS6,-0.9376307102694208,4,GAS6
GCC1,2.290305278777434,4,GCC1
GDE1,0.9399436597159267,3,GDE1
GFI1,0.6202764500726223,4,GFI1
GGCX,0.5895539661917847,5,GGCX
GHITM,1.9998095328926009,5,GHITM
GIGYF2,-2.0342665791039765,4,GIGYF2
GIT1,-1.399595336997637,3,GIT1
GLI1,2.1121960322768465,0,GLI1
GNAI1,1.0963129983829352,3,GNAI1
GNAI2,-0.28343398788629853,3,GNAI2
GNAQ,1.748602440771454,2,GNAQ
GNAS,0.2591848670636744,2,GNAS
GNG12,-0.33815324890843934,2,GNG12
GNRHR,0.30563251408018793,2,GNRHR
GOLGA3,-0.5923545459537508,5,GOLGA3
GOPC,-0.6257674752896306,4,GOPC
GPC4,1.266190685077191,4,GPC4
GPHN,2.290305278777434,4,GPHN
GPR132,1.3464585069164792,3,GPR132
GPR17,1.5086218635391127,3,GPR17
GPSM3,-0.9380246178003879,4,GPSM3
GRAP,0.511935574479943,3,GRAP
GRB10,-1.2741738902974606,3,GRB10
GRHL3,1.6446363128152495,4,GRHL3
GRK4,-2.009864686567813,4,GRK4
GRK6,0.5020444672341391,3,GRK6
GRM1,0.9960309973115246,3,GRM1
GRP,1.7731328996437057,4,GRP
GSK3B,-1.0695388226776479,1,GSK3B
GSN,2.256628455043185,4,GSN
GZMA,0.500915916251012,3,GZMA
HCK,-1.4448160024869976,3,HCK
HCRT,2.8521674027001622,4,HCRT
HCRTR2,1.5086218635391127,3,HCRTR2
HDAC11,0.9084429135740133,4,HDAC11
HDAC2,0.6250441534047757,3,HDAC2
HDC,1.326477898810993,4,HDC
HIC1,3.455499194442654,3,HIC1
HINFP,-0.5049035083499291,3,HINFP
HIPK2,-1.424565954585942,1,HIPK2
HNRNPU,-0.581245763858422,5,HNRNPU
HOMER1,3.021531901564526,5,HOMER1
HOXA10,-0.6507440407140218,4,HOXA10
HOXD12,0.5814900412440682,4,HOXD12
HSPA1A,-0.2591848670636744,2,HSPA1A
HSPA8,0.4492853054318575,5,HSPA8
HTR2A,1.079472979231742,3,HTR2A
HTR2B,1.9371072641639846,3,HTR2B
HTR6,1.5086218635391127,3,HTR6
IFNAR1,-0.695194655872838,4,IFNAR1
IGF1,-0.924882419152243,4,IGF1
IGF2,-1.4078946808152952,4,IGF2
IKBKB,0.4184205769341997,3,IKBKB
IL10,-0.7241634463513251,4,IL10
IL15RA,-1.2168236669931156,4,IL15RA
IL19,-0.9569435535457694,5,IL19
IL26,-0.9569435535457694,5,IL26
IL4,-0.6017903666320172,4,IL4
INPPL1,0.7764812563118643,3,INPPL1
INSR,-1.0465757719193405,3,INSR
IPO5,-0.8353379069614534,5,IPO5
IQGAP1,-1.5369204223881916,3,IQGAP1
IQSEC2,0.6621019560017725,6,IQSEC2
IRAK1,-0.8409832102762077,3,IRAK1
IRAK3,1.2609103286074543,5,IRAK3
IRAK4,-1.4026446567957027,4,IRAK4
IRF1,-0.4613418293115245,3,IRF1
IRF3,-0.5823018419128202,5,IRF3
IRF9,-0.9569435535457694,5,IRF9
IRS4,0.9674126874670368,4,IRS4
ITK,-0.537628213988071,4,ITK
JAK1,-0.2980342169088903,3,JAK1
JAK3,-0.30231573686926017,3,JAK3
JARID2,-1.088701408309889,4,JARID2
JUN,0.32697242352962513,2,JUN
JUNB,-0.781530368309951,5,JUNB
KDM5B,-0.7386213847912919,2,KDM5B
KHSRP,-0.2517622085423878,3,KHSRP
KIF5B,-0.6250441534047757,3,KIF5B
KISS1,2.6377304623359956,4,KISS1
KL,1.4078946808152952,4,KL
KLK3,1.5630524575804559,5,KLK3
KNG1,2.284198948591081,4,KNG1
KPNA2,-0.500915916251012,3,KPNA2
KRAS,1.0080930979220923,3,KRAS
KRT1,-0.46062953934000694,3,KRT1
KRT14,1.5419473741726508,4,KRT14
KRT18,1.088701408309889,4,KRT18
KSR2,0.5783594953051894,3,KSR2
LEF1,-0.5221730580400237,5,LEF1
LIPH,2.5146829511565327,4,LIPH
LMAN2,-1.714813881001443,6,LMAN2
LONP2,-2.9251128289562223,6,LONP2
LPA,1.7731328996437057,4,LPA
LPAR3,1.5086218635391127,3,LPAR3
LRP2,-0.740980696054314,4,LRP2
LRP5,1.3011630043456153,2,LRP5
LTA,-1.8913106871702754,4,LTA
LTB,-1.5419473741726508,4,LTB
LTBR,-0.6250441534047757,3,LTBR
LZTR1,-1.2804082687684453,4,LZTR1
MAF,0.8014744018438955,4,MAF
MAGEL2,0.6941308069436437,5,MAGEL2
MALT1,-0.6250441534047757,3,MALT1
MAP1B,-0.6538570808292827,3,MAP1B
MAP1LC3A,-0.5131887182390593,5,MAP1LC3A
MAP2K1,-1.0688292238349146,2,MAP2K1
MAP3K10,0.5846847855555743,1,MAP3K10
MAP3K8,-0.40672836531582846,2,MAP3K8
MAP4K1,-0.6067272057360762,2,MAP4K1
MAP4K5,1.748602440771454,2,MAP4K5
MAPK12,-0.2804040617303148,3,MAPK12
MAPK14,0.3156873219002322,1,MAPK14
MAPK3,0.2620593282463993,1,MAPK3
MAPK8IP1,0.7570729110182183,2,MAPK8IP1
MARK2,0.7577678715445592,4,MARK2
MAT2B,-2.217710489776964,4,MAT2B
MC1R,1.5086218635391127,3,MC1R
MCM10,0.9084429135740133,4,MCM10
MDK,-0.563145496390845,4,MDK
MECOM,-2.5249332396632846,0,MECOM
MECP2,-2.2890642130798926,0,MECP2
MET,-0.5973246785889976,3,MET
MFN1,0.544071702687551,4,MFN1
MIF,0.5459639847670344,4,MIF
MIR17HG,0.3585955230014764,3,MIR17HG
MLH1,-3.8304972459836697,5,MLH1
MLNR,1.9371072641639846,3,MLNR
MMP2,0.2591848670636744,2,MMP2
MPO,-1.552484549190725,5,MPO
MRAP2,-2.261750215350913,4,MRAP2
MSH2,-0.8163289377347147,3,MSH2
MTNR1A,-0.40672836531582846,2,MTNR1A
MTOR,-0.8674299041872187,1,MTOR
MYO10,-1.088701408309889,4,MYO10
NAMPT,-1.7020669502643495,4,NAMPT
NBEAL2,2.051221250595712,4,NBEAL2
NBR1,-0.4670962010040217,4,NBR1
NCAM1,-0.6250441534047757,3,NCAM1
NCL,0.5121696332613715,4,NCL
NCOR2,0.5502704451096365,2,NCOR2
NDP,1.138112340290433,3,NDP
NEDD9,-0.6201982609283521,3,NEDD9
NEO1,-0.6008242528654598,3,NEO1
NEUROD1,3.3307055875269342,0,NEUROD1
NFASC,-0.5283096272290894,4,NFASC
NFKB1,0.5783594953051894,3,NFKB1
NFKBIE,-0.6301891704070457,4,NFKBIE
NFYA,2.118442325220228,0,NFYA
NGF,-1.869435375053925,4,NGF
NKIRAS2,-0.6186644905054116,5,NKIRAS2
NKRF,-0.6563888171107161,4,NKRF
NLK,-0.2877337507257991,3,NLK
NLRP1,-1.7861901827201676,5,NLRP1
NMB,2.5146829511565327,4,NMB
NME1,1.1847194324553698,5,NME1
NMU,3.3000790423135236,4,NMU
NOTCH1,0.3374218222989536,2,NOTCH1
NPAS2,-8.314411147309524,2,NPAS2
NPAT,-0.914231682560295,4,NPAT
NPTX1,-0.500915916251012,3,NPTX1
NPY,-2.009864686567813,4,NPY
NR1D1,-7.3451150131063025,0,NR1D1
NR4A1,2.4075138440511115,0,NR4A1
NR4A2,0.2616588028448319,1,NR4A2
NR4A3,0.2616588028448319,1,NR4A3
NTF3,-1.3523130179958442,4,NTF3
NTF4,-1.3523130179958442,4,NTF4
NTN4,-1.5169922196227559,4,NTN4
NTRK1,-1.1613156247863554,3,NTRK1
NUAK1,-0.34023103152672035,2,NUAK1
NUDT3,1.4603602913511522,3,NUDT3
NUMA1,-0.446805726414275,2,NUMA1
OMG,-1.088701408309889,4,OMG
OS9,0.6480769384368329,5,OS9
OXT,3.5052917851433114,4,OXT
OXTR,1.5086218635391127,3,OXTR
P2RY13,1.5086218635391127,3,P2RY13
PAIP2,8.314411147309524,2,PAIP2
PAK3,-1.351077498913564,3,PAK3
PARD3,-0.5005199782399014,4,PARD3
parent_of_ABL11,-2.194224077426985,3,RFX1
parent_of_ABL11,-2.194224077426985,3,RYBP
parent_of_ACTB1,3.0164495791283454,4,CD2AP
parent_of_ACTB1,3.0164495791283454,4,CTTN
parent_of_ACTB1,3.0164495791283454,4,SYN2
parent_of_ACTB1,3.0164495791283454,4,GFAP
parent_of_ACTB1,3.0164495791283454,4,MYO5A
parent_of_ACTB1,3.0164495791283454,4,FKBP15
parent_of_ACTB1,3.0164495791283454,4,CKB
parent_of_ACTB1,3.0164495791283454,4,SYN3
parent_of_ACTB1,3.0164495791283454,4,ARPC2
parent_of_ACTN11,2.9506191638491805,4,SHANK3
parent_of_ACTN11,2.9506191638491805,4,SHANK2
parent_of_AGT1,2.3466975644916177,5,REN
parent_of_AGT1,2.3466975644916177,5,ACE
parent_of_AGT1_____F2RL1-1,-1.213611803420366,4,ELANE
parent_of_AGT1_____F2RL1-1,-1.213611803420366,4,PRTN3
parent_of_AKAP5-1_____CAMK2A1_____CAMK41_____CAMKK11_____CAMKK21_____DAPK11_____DRD2-1_____GEM1_____GRIN2A-1_____GRM7-1_____IQGAP11_____MYLK21_____NOS11_____NRAS-1_____PPP3CA1_____PPP3CB1_____PPP3CC1_____PPP3R11_____RAC11_____RASGRF11_____RIN11_____RIT21,1.2379818280569144,2,CALM1
parent_of_AKAP5-1_____CAMK2A1_____CAMK41_____CAMKK11_____CAMKK21_____DAPK11_____DRD2-1_____GEM1_____GRIN2A-1_____GRM7-1_____IQGAP11_____MYLK21_____NOS11_____NRAS-1_____PPP3CA1_____PPP3CB1_____PPP3CC1_____PPP3R11_____RAC11_____RASGRF11_____RIN11_____RIT21,1.2379818280569144,2,CALM3
parent_of_AKAP5-1_____CAMK2A1_____CAMK41_____CAMKK11_____CAMKK21_____DAPK11_____DRD2-1_____GEM1_____GRIN2A-1_____GRM7-1_____IQGAP11_____MYLK21_____NOS11_____NRAS-1_____PPP3CA1_____PPP3CB1_____PPP3CC1_____PPP3R11_____RAC11_____RASGRF11_____RIN11_____RIT21,1.2379818280569144,2,CALM2
parent_of_ANK21_____ANK31,-0.5283096272290894,4,NRCAM
parent_of_ANK21_____ANK31,-0.5283096272290894,4,CHL1
parent_of_APAF11_____CASP91,-2.256628455043185,4,ANP32A
parent_of_APAF11_____CASP91,-2.256628455043185,4,CYCS
parent_of_APOA11,1.552484549190725,5,ABCA7
parent_of_APOA11,1.552484549190725,5,FOXA2
parent_of_APOA11,1.552484549190725,5,HP
parent_of_APPL11,-2.4513433665971354,4,ADIPOR2
parent_of_APPL11,-2.4513433665971354,4,ADIPOR1
parent_of_ARF1-1,-1.8546468078269704,5,ARFGAP1
parent_of_ARF1-1,-1.8546468078269704,5,ASAP1
parent_of_ARF11,1.8546468078269704,5,PSD3
parent_of_ARF11,1.8546468078269704,5,ARFGEF2
parent_of_ARHGDIA1,-0.8648456334282285,4,PLXNB3
parent_of_ARHGDIA1,-0.8648456334282285,4,RNF128
parent_of_ATM1_____ATR1,-0.6771585525693979,3,EEF1E1
parent_of_ATM1_____ATR1,-0.6771585525693979,3,DCLRE1B
parent_of_BAK11_____BAX1_____BCL2-1_____BCL2L1-1_____BCL2L2-1_____MCL1-1,0.7701114196312717,4,BBC3
parent_of_BAK11_____BAX1_____BCL2-1_____BCL2L1-1_____BCL2L2-1_____MCL1-1,0.7701114196312717,4,BCL2L11
parent_of_BAX-1,-0.544071702687551,4,HSPD1
parent_of_BAX-1,-0.544071702687551,4,XRCC6
parent_of_BAX-1,-0.544071702687551,4,FAIM2
parent_of_BCL2L1-1,-0.781530368309951,5,BIK
parent_of_BCL2L1-1,-0.781530368309951,5,SIVA1
parent_of_BECN11,-0.7826036872330033,4,STYK1
parent_of_BECN11,-0.7826036872330033,4,AMBRA1
parent_of_BECN11,-0.7826036872330033,4,USP13
parent_of_BID1,0.6060989026346193,5,MTCH2
parent_of_BID1,0.6060989026346193,5,CTSK
parent_of_BID1,0.6060989026346193,5,CTSH
parent_of_BID1,0.6060989026346193,5,CTSS
parent_of_BID1,0.6060989026346193,5,CTSB
parent_of_BRAF1,-2.160533540030409,4,RIT1
parent_of_BRAF1,-2.160533540030409,4,RAP1B
parent_of_BRCA1-1,-1.5330549170028998,4,FBXO44
parent_of_BRCA1-1,-1.5330549170028998,4,LMO4
parent_of_BRCA11,1.5330549170028998,4,HDLBP
parent_of_BRCA11,1.5330549170028998,4,BARD1
parent_of_BRCA11,1.5330549170028998,4,ATRIP
parent_of_BRCA11,1.5330549170028998,4,RAD50
parent_of_CASP1-1,1.0108177319596043,4,PYDC1
parent_of_CASP1-1,1.0108177319596043,4,CARD16
parent_of_CASP1-1,1.0108177319596043,4,SERPINB9
parent_of_CASP8-1,2.4549990634193994,4,HECTD3
parent_of_CASP8-1,2.4549990634193994,4,BFAR
parent_of_CCND1-1,0.6250441534047757,3,UHRF2
parent_of_CCND1-1,0.6250441534047757,3,FBXO31
parent_of_CCND1-1,0.6250441534047757,3,HACE1
parent_of_CDC25A-1,0.7219718494648228,3,NEK11
parent_of_CDC25A-1,0.7219718494648228,3,FZR1
parent_of_CDC42-1_____RAC1-1,-1.5369204223881916,3,RALBP1
parent_of_CDC42-1_____RAC1-1,-1.5369204223881916,3,ARAP1
parent_of_CDC42-1_____RAC1-1,-1.5369204223881916,3,RACGAP1
parent_of_CDC42-1_____RAC1-1,-1.5369204223881916,3,SRGAP2
parent_of_CDC42-1_____RAC1-1,-1.5369204223881916,3,ARAP3
parent_of_CDC42-1_____RAC1-1,-1.5369204223881916,3,FAM13B
parent_of_CDC42-1_____RAC1-1,-1.5369204223881916,3,ARHGAP39
parent_of_CDC42-1_____RAC1-1_____RHOA-1,-1.2583191348716252,3,ARHGAP31
parent_of_CDC42-1_____RAC1-1_____RHOA-1,-1.2583191348716252,3,ARHGAP30
parent_of_CDC42-1_____RAC1-1_____RHOA-1,-1.2583191348716252,3,ARAP2
parent_of_CDC42-1_____RAC1-1_____RHOA-1,-1.2583191348716252,3,MYO9B
parent_of_CDC42-1_____RAC1-1_____RHOA-1,-1.2583191348716252,3,ARHGAP22
parent_of_CDC42-1_____RAC1-1_____RHOA-1,-1.2583191348716252,3,GMIP
parent_of_CDC42-1_____RAC1-1_____RHOA-1,-1.2583191348716252,3,ARHGAP20
parent_of_CDC42-1_____RHOA-1,-1.2056166111556958,3,STARD8
parent_of_CDC42-1_____RHOA-1,-1.2056166111556958,3,ARHGAP11B
parent_of_CDC421,1.7003189670994796,3,PLEKHG3
parent_of_CDC421,1.7003189670994796,3,SPATA13
parent_of_CDC421,1.7003189670994796,3,DNMBP
parent_of_CDC421,1.7003189670994796,3,FGD4
parent_of_CDC421,1.7003189670994796,3,ITSN1
parent_of_CDC421,1.7003189670994796,3,PLEKHG4B
parent_of_CDC421,1.7003189670994796,3,FGD3
parent_of_CDC421,1.7003189670994796,3,PLEKHG4
parent_of_CDC421,1.7003189670994796,3,FGD2
parent_of_CDC421,1.7003189670994796,3,FGD1
parent_of_CDC421,1.7003189670994796,3,PLEKHG1
parent_of_CDC421,1.7003189670994796,3,BNIP2
parent_of_CDC421,1.7003189670994796,3,ARHGEF9
parent_of_CDC421,1.7003189670994796,3,DOCK8
parent_of_CDC421_____RAC11_____RHOA1,1.2583191348716252,3,RASGRF2
parent_of_CDC421_____RAC11_____RHOA1,1.2583191348716252,3,ARHGEF10
parent_of_CDC421_____RAC11_____RHOA1,1.2583191348716252,3,ARHGEF19
parent_of_CDC421_____RAC11_____RHOA1,1.2583191348716252,3,OPHN1
parent_of_CDC421_____RAC11_____RHOA1,1.2583191348716252,3,MCF2
parent_of_CDC421_____RHOA1,1.2056166111556958,3,ECT2
parent_of_CDC421_____RHOA1,1.2056166111556958,3,ARHGEF4
parent_of_CDC421_____RHOA1,1.2056166111556958,3,MCF2L
parent_of_CDC421_____RHOA1,1.2056166111556958,3,ARHGEF15
parent_of_CDK5RAP21,-0.7963821009877066,4,SPAG5
parent_of_CDK5RAP21,-0.7963821009877066,4,CEP72
parent_of_CDK5RAP21,-0.7963821009877066,4,PCNT
parent_of_CNTFR1_____CRLF11_____IL6ST1_____LIFR1,-0.5212405616220163,4,CNTF
parent_of_CNTFR1_____CRLF11_____IL6ST1_____LIFR1,-0.5212405616220163,4,CLCF1
parent_of_CRHR11,2.6377304623359956,4,UCN3
parent_of_CRHR11,2.6377304623359956,4,UCN
parent_of_CRHR11,2.6377304623359956,4,UCN2
parent_of_CSF2RA1_____CSF3R1,-0.5212405616220163,4,CSF2
parent_of_CSF2RA1_____CSF3R1,-0.5212405616220163,4,CSF3
parent_of_CYCS1,-1.9998095328926009,5,DAP3
parent_of_CYCS1,-1.9998095328926009,5,TP53AIP1
parent_of_DCC-1,1.088701408309889,4,UNC5C
parent_of_DCC-1,1.088701408309889,4,UNC5D
parent_of_DLG41_____SHANK11_____SHANK21_____SHANK31,3.932414854003302,5,DLGAP4
parent_of_DLG41_____SHANK11_____SHANK21_____SHANK31,3.932414854003302,5,DLGAP3
parent_of_DLG41_____SHANK11_____SHANK21_____SHANK31,3.932414854003302,5,DLGAP2
parent_of_DLG41_____SHANK11_____SHANK21_____SHANK31,3.932414854003302,5,DLGAP5
parent_of_DNM11,-0.9904346005146026,5,AP1B1
parent_of_DNM11,-0.9904346005146026,5,TUBA1B
parent_of_DNM11,-0.9904346005146026,5,TUBA1A
parent_of_DVL11_____DVL21_____DVL31_____LRP51_____LRP61,0.2591848670636744,2,FZD4
parent_of_DVL11_____DVL21_____DVL31_____LRP51_____LRP61,0.2591848670636744,2,FZD5
parent_of_DVL11_____DVL21_____DVL31_____LRP51_____LRP61,0.2591848670636744,2,FZD2
parent_of_DVL31,1.380294208414733,4,MARK1
parent_of_DVL31,1.380294208414733,4,LRRFIP2
parent_of_EPHA21_____EPHA31_____EPHA41,-0.8397434643077801,4,EFNA4
parent_of_EPHA21_____EPHA31_____EPHA41,-0.8397434643077801,4,EFNA1
parent_of_F2RL11,1.213611803420366,4,PRSS1
parent_of_F2RL11,1.213611803420366,4,TPSAB1
parent_of_F2RL11,1.213611803420366,4,PRSS3
parent_of_FGFR11_____FGFR21_____FGFR31_____FGFR41,-0.6250441534047757,3,FGF18
parent_of_FGFR11_____FGFR21_____FGFR31_____FGFR41,-0.6250441534047757,3,FGF20
parent_of_FGFR11_____FGFR21_____FGFR31_____FGFR41,-0.6250441534047757,3,FGF19
parent_of_FGFR11_____FGFR21_____FGFR31_____FGFR41,-0.6250441534047757,3,FGF17
parent_of_FGFR11_____FGFR21_____FGFR31_____FGFR41,-0.6250441534047757,3,FGF23
parent_of_FZR1-1,-0.8647647665365708,4,FBXO5
parent_of_FZR1-1,-0.8647647665365708,4,USP37
parent_of_FZR1-1,-0.8647647665365708,4,CCNF
parent_of_G3BP11,-0.8638743689696391,4,CAPRIN1
parent_of_G3BP11,-0.8638743689696391,4,G3BP2
parent_of_GADD45A-1,0.5131129052734232,3,HNRNPD
parent_of_GADD45A-1,0.5131129052734232,3,TIA1
parent_of_GADD45A-1,0.5131129052734232,3,TIAL1
parent_of_GADD45A1,-0.5131129052734232,3,PARN
parent_of_GADD45A1,-0.5131129052734232,3,HNRNPA0
parent_of_GALR11_____GALR21_____GALR31,1.6399556013306633,4,GAL
parent_of_GALR11_____GALR21_____GALR31,1.6399556013306633,4,GALP
parent_of_GNA121_____GNA131_____GNAI11_____GNAI31_____GNAL1_____GNAO11_____GNAQ1_____GNAS1_____GNAZ1,1.3464585069164792,3,NMBR
parent_of_GNA121_____GNA131_____GNAI11_____GNAI31_____GNAL1_____GNAO11_____GNAQ1_____GNAS1_____GNAZ1,1.3464585069164792,3,F2RL3
parent_of_GNA121_____GNA131_____GNAI11_____GNAI31_____GNAL1_____GNAO11_____GNAQ1_____GNAS1_____GNAZ1,1.3464585069164792,3,LPAR2
parent_of_GNA121_____GNA131_____GNAI11_____GNAI31_____GNAO11_____GNAQ1,1.5086218635391127,3,BDKRB2
parent_of_GNA121_____GNA131_____GNAI11_____GNAI31_____GNAO11_____GNAQ1,1.5086218635391127,3,LPAR1
parent_of_GNA121_____GNA131_____GNAI11_____GNAI31_____GNAO11_____GNAQ1_____GNAZ1,1.5086218635391127,3,F2R
parent_of_GNA121_____GNA131_____GNAI11_____GNAI31_____GNAO11_____GNAQ1_____GNAZ1,1.5086218635391127,3,S1PR2
parent_of_GNA121_____GNA131_____GNAI11_____GNAI31_____GNAO11_____GNAQ1_____GNAZ1,1.5086218635391127,3,LPAR6
parent_of_GNA121_____GNAI11_____GNAI31,0.8726956629348023,4,FFAR3
parent_of_GNA121_____GNAI11_____GNAI31,0.8726956629348023,4,SSTR4
parent_of_GNA121_____GNAI11_____GNAI31_____GNAL1_____GNAQ1_____GNAS1_____GNAZ1,1.5086218635391127,3,MC5R
parent_of_GNA121_____GNAI11_____GNAI31_____GNAL1_____GNAQ1_____GNAS1_____GNAZ1,1.5086218635391127,3,MC4R
parent_of_GNA121_____GNAI11_____GNAI31_____GNAO11_____GNAQ1_____GNAZ1,1.5086218635391127,3,HCRTR1
parent_of_GNA121_____GNAI11_____GNAI31_____GNAO11_____GNAQ1_____GNAZ1,1.5086218635391127,3,NMUR2
parent_of_GNA121_____GNAI11_____GNAI31_____GNAO11_____GNAQ1_____GNAZ1,1.5086218635391127,3,HTR2C
parent_of_GNAI11_____GNAI31,1.408731932355999,4,FPR1
parent_of_GNAI11_____GNAI31,1.408731932355999,4,ADORA3
parent_of_GNAI11_____GNAI31,1.408731932355999,4,S1PR5
parent_of_GNAI11_____GNAI31,1.408731932355999,4,SSTR3
parent_of_GNAI11_____GNAI31,1.408731932355999,4,APLNR
parent_of_GNAI11_____GNAI31,1.408731932355999,4,NPBWR1
parent_of_GNAI11_____GNAI31,1.408731932355999,4,HRH4
parent_of_GNAI11_____GNAI31,1.408731932355999,4,HTR1F
parent_of_GNAI11_____GNAI31,1.408731932355999,4,LTB4R2
parent_of_GNAI11_____GNAI31_____GNAL1_____GNAO11_____GNAQ1_____GNAS1,1.3464585069164792,3,CCKAR
parent_of_GNAI11_____GNAI31_____GNAL1_____GNAO11_____GNAQ1_____GNAS1,1.3464585069164792,3,MCHR1
parent_of_GNAI11_____GNAI31_____GNAL1_____GNAO11_____GNAQ1_____GNAS1,1.3464585069164792,3,CCKBR
parent_of_GNAI11_____GNAI31_____GNAL1_____GNAO11_____GNAQ1_____GNAS1_____GNAZ1,1.3464585069164792,3,MRGPRX2
parent_of_GNAI11_____GNAI31_____GNAL1_____GNAO11_____GNAQ1_____GNAS1_____GNAZ1,1.3464585069164792,3,TACR1
parent_of_GNAI11_____GNAI31_____GNAL1_____GNAO11_____GNAQ1_____GNAS1_____GNAZ1,1.3464585069164792,3,P2RY11
parent_of_GNAI11_____GNAI31_____GNAL1_____GNAO11_____GNAQ1_____GNAS1_____GNAZ1,1.3464585069164792,3,HRH2
parent_of_GNAI11_____GNAI31_____GNAL1_____GNAO11_____GNAQ1_____GNAS1_____GNAZ1,1.3464585069164792,3,EDNRB
parent_of_GNAI11_____GNAI31_____GNAL1_____GNAO11_____GNAQ1_____GNAS1_____GNAZ1,1.3464585069164792,3,HRH1
parent_of_GNAI11_____GNAI31_____GNAL1_____GNAO11_____GNAQ1_____GNAS1_____GNAZ1,1.3464585069164792,3,ADORA2B
parent_of_GNAI11_____GNAI31_____GNAL1_____GNAO11_____GNAQ1_____GNAS1_____GNAZ1,1.3464585069164792,3,DRD5
parent_of_GNAI11_____GNAI31_____GNAL1_____GNAO11_____GNAQ1_____GNAS1_____GNAZ1,1.3464585069164792,3,UTS2R
parent_of_GNAI11_____GNAI31_____GNAL1_____GNAO11_____GNAQ1_____GNAS1_____GNAZ1,1.3464585069164792,3,LPAR4
parent_of_GNAI11_____GNAI31_____GNAL1_____GNAO11_____GNAQ1_____GNAS1_____GNAZ1,1.3464585069164792,3,HTR7
parent_of_GNAI11_____GNAI31_____GNAL1_____GNAO11_____GNAQ1_____GNAS1_____GNAZ1,1.3464585069164792,3,OXGR1
parent_of_GNAI11_____GNAI31_____GNAL1_____GNAO11_____GNAQ1_____GNAS1_____GNAZ1,1.3464585069164792,3,GRPR
parent_of_GNAI11_____GNAI31_____GNAL1_____GNAO11_____GNAQ1_____GNAS1_____GNAZ1_____GNB21,0.9621481838582147,3,ADORA2A
parent_of_GNAI11_____GNAI31_____GNAL1_____GNAO11_____GNAQ1_____GNAS1_____GNAZ1_____GNB21,0.9621481838582147,3,HTR4
parent_of_GNAI11_____GNAI31_____GNAL1_____GNAO11_____GNAQ1_____GNAS1_____GNAZ1_____GNB21,0.9621481838582147,3,PTAFR
parent_of_GNAI11_____GNAI31_____GNAQ1,1.9371072641639846,3,TACR2
parent_of_GNAI11_____GNAI31_____GNAQ1,1.9371072641639846,3,CHRM3
parent_of_GNAI11_____GNAI31_____GNAQ1,1.9371072641639846,3,CYSLTR1
parent_of_GNAL1_____GNAQ1_____GNAS1,1.5086218635391127,3,AVPR1A
parent_of_GNAL1_____GNAQ1_____GNAS1,1.5086218635391127,3,PTGFR
parent_of_GNAL1_____GNAQ1_____GNAS1,1.5086218635391127,3,ADRA1D
parent_of_GNAL1_____GNAQ1_____GNAS1,1.5086218635391127,3,ADRA1B
parent_of_GNAQ-1,-1.9371072641639846,3,RGS4
parent_of_GNAQ-1,-1.9371072641639846,3,RGS19
parent_of_GNAQ1,1.9371072641639846,3,KISS1R
parent_of_GNAQ1,1.9371072641639846,3,NMUR1
parent_of_GNAQ1,1.9371072641639846,3,AGTR2
parent_of_GNAQ1,1.9371072641639846,3,TSHR
parent_of_GSK3B-1,1.748602440771454,2,FRAT2
parent_of_GSK3B-1,1.748602440771454,2,TARDBP
parent_of_GSK3B-1,1.748602440771454,2,FRAT1
parent_of_HDAC21,0.7241119246105827,4,NANOS1
parent_of_HDAC21,0.7241119246105827,4,NOS1
parent_of_HRAS1_____KRAS1,0.737592833971222,4,FNTA
parent_of_HRAS1_____KRAS1,0.737592833971222,4,FNTB
parent_of_HRAS1_____KRAS1,0.737592833971222,4,SOS2
parent_of_IFNAR11_____IFNAR21,-1.1395041572848374,5,IFNE
parent_of_IFNAR11_____IFNAR21,-1.1395041572848374,5,IFNW1
parent_of_IL20RA1_____IL20RB1_____IL22RA11,-0.9569435535457694,5,IL24
parent_of_IL20RA1_____IL20RB1_____IL22RA11,-0.9569435535457694,5,IL20
parent_of_INSR-1,1.7020669502643495,4,GRB14
parent_of_INSR-1,1.7020669502643495,4,ENPP1
parent_of_IRAK11,-1.4026446567957027,4,PELI3
parent_of_IRAK11,-1.4026446567957027,4,PELI2
parent_of_JAK11,-0.6140666757753391,4,CNTFR
parent_of_JAK11,-0.6140666757753391,4,ISG15
parent_of_JAK11_____TYK21,-1.04979018272411,4,IL10RB
parent_of_JAK11_____TYK21,-1.04979018272411,4,IL22RA1
parent_of_JAK11_____TYK21,-1.04979018272411,4,IL20RA
parent_of_JAK11_____TYK21,-1.04979018272411,4,IFNAR2
parent_of_JAK11_____TYK21,-1.04979018272411,4,IL20RB
parent_of_KIF5B1,-1.088701408309889,4,KTN1
parent_of_KIF5B1,-1.088701408309889,4,DISC1
parent_of_LEF1-1,0.4067125279023309,6,RNF138
parent_of_LEF1-1,0.4067125279023309,6,TLE2
parent_of_LRP51,1.4119596474070641,3,APOE
parent_of_LRP51,1.4119596474070641,3,SOST
parent_of_MC1R-1_____MC2R-1_____MC4R-1_____MC5R-1,-2.386354526387507,4,AGRP
parent_of_MC1R-1_____MC2R-1_____MC4R-1_____MC5R-1,-2.386354526387507,4,ASIP
parent_of_MET1,-1.0484356600146876,4,SEMA4D
parent_of_MET1,-1.0484356600146876,4,HGF
parent_of_MRGPRX21_____SSTR11_____SSTR21_____SSTR31_____SSTR41_____SSTR51,0.5401975080471921,4,SST
parent_of_MRGPRX21_____SSTR11_____SSTR21_____SSTR31_____SSTR41_____SSTR51,0.5401975080471921,4,CORT
parent_of_MTOR-1,1.4297707063202212,2,MTMR3
parent_of_MTOR-1,1.4297707063202212,2,RPTOR
parent_of_MTOR1,-1.4297707063202212,2,RAG1
parent_of_MTOR1,-1.4297707063202212,2,RAG2
parent_of_MYD881_____TICAM11_____TICAM21_____TIRAP1,-0.674489832406799,4,TLR2
parent_of_MYD881_____TICAM11_____TICAM21_____TIRAP1,-0.674489832406799,4,TLR9
parent_of_MYO1E1,-1.088701408309889,4,DNM1
parent_of_MYO1E1,-1.088701408309889,4,SYNJ1
parent_of_NEUROD11,0.5846847855555743,1,ZFHX3
parent_of_NEUROD11,0.5846847855555743,1,HAP1
parent_of_NFKB1-1,-0.6563888171107161,4,PERP
parent_of_NFKB1-1,-0.6563888171107161,4,NFKBIB
parent_of_NFKB1-1,-0.6563888171107161,4,RSF1
parent_of_NPBWR11,1.155519088572126,5,NPW
parent_of_NPBWR11,1.155519088572126,5,NPB
parent_of_NR1D11,-4.224480688649469,1,PER2
parent_of_NR1D11,-4.224480688649469,1,C1D
parent_of_NR1D11,-4.224480688649469,1,NR2E3
parent_of_OXT-1,-2.9795178912839244,5,PCSK2
parent_of_OXT-1,-2.9795178912839244,5,PCSK5
parent_of_PDGFRA1_____PDGFRB1,-1.3540865213387878,4,PDGFB
parent_of_PDGFRA1_____PDGFRB1,-1.3540865213387878,4,PDGFD
parent_of_PDGFRA1_____PDGFRB1,-1.3540865213387878,4,PDGFA
parent_of_PPP2CA1_____PPP2CB1,-0.6649662385112761,3,PPP2R1A
parent_of_PPP2CA1_____PPP2CB1,-0.6649662385112761,3,STRN
parent_of_PPP2CA1_____PPP2CB1,-0.6649662385112761,3,LCMT1
parent_of_PPP2CA1_____PPP2CB1,-0.6649662385112761,3,STRN4
parent_of_PTGS21,0.6875075746789372,5,PLA2G6
parent_of_PTGS21,0.6875075746789372,5,PNPLA8
parent_of_PTH1R1,1.880926173473727,4,PTH
parent_of_PTH1R1,1.880926173473727,4,PTHLH
parent_of_PTK21,-0.6250441534047757,3,MYO1E
parent_of_PTK21,-0.6250441534047757,3,BMX
parent_of_RAF11,-1.3142682910576045,4,CNKSR2
parent_of_RAF11,-1.3142682910576045,4,KSR1
parent_of_RAF11,-1.3142682910576045,4,CERK
parent_of_RAF11,-1.3142682910576045,4,RRAS
parent_of_RAF11,-1.3142682910576045,4,PPP2R5D
parent_of_RALBP11,-2.4189129688552997,4,RALB
parent_of_RALBP11,-2.4189129688552997,4,RALA
parent_of_RECQL41,-0.9084429135740133,4,UBR1
parent_of_RECQL41,-0.9084429135740133,4,UBR2
parent_of_RIPK1-1,2.280200348519882,4,OTUD7B
parent_of_RIPK1-1,2.280200348519882,4,RIPK3
parent_of_RIPK1-1,2.280200348519882,4,RFFL
parent_of_RIPK1-1,2.280200348519882,4,OTUD7A
parent_of_RPA1-1_____RPA2-1,0.8353379069614534,5,ACD
parent_of_RPA1-1_____RPA2-1,0.8353379069614534,5,POT1
parent_of_RPTOR1,1.5626211608489236,3,RRAGC
parent_of_RPTOR1,1.5626211608489236,3,RRAGD
parent_of_SHH1,0.5694922236324294,4,DISP1
parent_of_SHH1,0.5694922236324294,4,CDO1
parent_of_SHH1,0.5694922236324294,4,DISP2
parent_of_SHH1,0.5694922236324294,4,GPC3
parent_of_SHH1,0.5694922236324294,4,EXTL1
parent_of_SHH1,0.5694922236324294,4,HHAT
parent_of_SIRT11,3.455499194442654,3,USP22
parent_of_SIRT11,3.455499194442654,3,CSAG2
parent_of_SIRT11,3.455499194442654,3,RPS19BP1
parent_of_SMAD41,-0.595414642675921,4,SNIP1
parent_of_SMAD41,-0.595414642675921,4,SMAD5
parent_of_SMAD41,-0.595414642675921,4,HYAL2
parent_of_SMAD41,-0.595414642675921,4,PIAS2
parent_of_SMAD41,-0.595414642675921,4,SMAD9
parent_of_SMAD41,-0.595414642675921,4,USP9X
parent_of_STAT3-1,0.9084429135740133,4,NFKBIZ
parent_of_STAT3-1,0.9084429135740133,4,PTPRD
parent_of_STAT31,-0.9084429135740133,4,DSCAML1
parent_of_STAT31,-0.9084429135740133,4,DSCAM
parent_of_TNFRSF1A-1,1.088701408309889,4,BAG4
parent_of_TNFRSF1A-1,1.088701408309889,4,GRN
parent_of_TP73-1,4.334735891022135,4,FBXO45
parent_of_TP73-1,4.334735891022135,4,ACOX1
parent_of_TP731,-4.334735891022135,4,HECW2
parent_of_TP731,-4.334735891022135,4,RPL5
parent_of_TP731,-4.334735891022135,4,PMS2
parent_of_TRADD1,-1.088701408309889,4,TNFRSF21
parent_of_TRADD1,-1.088701408309889,4,TNFRSF25
parent_of_TRAF21,-0.6250441534047757,3,GSTP1
parent_of_TRAF21,-0.6250441534047757,3,TRAF1
parent_of_TSHR1,2.6377304623359956,4,TSHB
parent_of_TSHR1,2.6377304623359956,4,GPHA2
parent_of_TSHR1,2.6377304623359956,4,CGA
parent_of_ULK1-1,0.8725516526555034,4,STK38L
parent_of_ULK1-1,0.8725516526555034,4,SMCR8
parent_of_VAV11,-0.5783594953051894,3,MERTK
parent_of_VAV11,-0.5783594953051894,3,DNM2
parent_of_WNT3A1,1.3244774563547899,4,WLS
parent_of_WNT3A1,1.3244774563547899,4,PORCN
PAX5,-0.862132626134436,4,PAX5
PAXIP1,-0.5702016626778532,3,PAXIP1
PCGF2,2.4758348875733187,2,PCGF2
PCSK6,-1.0355878934074283,4,PCSK6
PDGFC,-1.3540865213387878,4,PDGFC
PDGFRA,-0.6108129808232222,3,PDGFRA
PDGFRB,-0.4568606047972817,3,PDGFRB
PDPK1,0.5132332194017513,2,PDPK1
PGR,-0.6507440407140218,4,PGR
PHLPP1,-0.8160726530113093,2,PHLPP1
PHLPP2,-0.8160726530113093,2,PHLPP2
PIK3CG,0.6820012732664765,3,PIK3CG
PIN1,-0.34023103152672035,2,PIN1
PJA2,0.4984964176781942,3,PJA2
PLAU,-0.8931359711507189,5,PLAU
PLAUR,-0.9756355085056155,4,PLAUR
PLD1,1.0208905358451486,4,PLD1
PMAIP1,0.544071702687551,4,PMAIP1
PMCH,1.7731328996437057,4,PMCH
POMC,1.4898550269170479,4,POMC
PPARA,0.35498013482175156,3,PPARA
PPM1D,-0.5130988780672789,2,PPM1D
PPME1,0.6649662385112761,3,PPME1
PPP1R9B,1.7898457364302165,4,PPP1R9B
PPP2CB,-0.5536104794340888,2,PPP2CB
PPP3CA,-1.748602440771454,2,PPP3CA
PPP3CB,0.8674299041872187,1,PPP3CB
PPP3CC,-0.500915916251012,3,PPP3CC
PPP3R1,-0.32697242352962513,2,PPP3R1
PPP4C,-0.7544477575016454,3,PPP4C
PREX2,1.1675624673427711,3,PREX2
PRICKLE1,-1.380294208414733,4,PRICKLE1
PRKAA2,-1.374727587962265,3,PRKAA2
PRKAB1,-1.5626211608489236,3,PRKAB1
PRKACA,0.282947574001729,1,PRKACA
PRKACB,0.500915916251012,3,PRKACB
PRKAG1,-2.181315182908953,4,PRKAG1
PRKAR2B,-0.544071702687551,4,PRKAR2B
PRKCA,0.38173772794429167,2,PRKCA
PRKCB,0.8674299041872187,1,PRKCB
PRKCD,-0.4505885429485044,2,PRKCD
PRKCE,-0.32333450851884465,2,PRKCE
PRKCG,-0.32615949497507424,3,PRKCG
PRKCH,0.5739639149032534,2,PRKCH
PRKCI,0.3369299842154029,2,PRKCI
PRKCZ,0.39799559194065337,2,PRKCZ
PRKDC,-0.2610184271335646,2,PRKDC
PRKG1,-0.500915916251012,3,PRKG1
PRLHR,1.5086218635391127,3,PRLHR
PROS1,-0.3041700815043817,4,PROS1
PRPF19,-0.8353379069614534,5,PRPF19
PRRX1,0.5814900412440682,4,PRRX1
PSTPIP1,0.46939694300889534,4,PSTPIP1
PTGER1,1.5086218635391127,3,PTGER1
PTGIR,1.9371072641639846,3,PTGIR
PTGS2,0.8648456334282285,4,PTGS2
PTH1R,1.4203343053127242,3,PTH1R
PTK2,-0.446805726414275,2,PTK2
PTMA,2.210206794666297,4,PTMA
PTPN1,0.5300092545813649,2,PTPN1
PTPN13,1.1280099048882604,4,PTPN13
PTPN9,1.243376066539047,4,PTPN9
PTPRB,0.5021947661740503,2,PTPRB
PTPRZ1,-0.9084429135740133,4,PTPRZ1
PYCARD,0.544071702687551,4,PYCARD
RAB1A,-0.8725516526555034,4,RAB1A
RAC1,0.49475231851252355,2,RAC1
RAD1,-0.6735450666533365,4,RAD1
RAF1,-0.7802308101173412,3,RAF1
RALGDS,0.4195841703239427,4,RALGDS
RAP1A,-0.594406381717286,4,RAP1A
RAP1GAP,-0.950359691543551,5,RAP1GAP
RAP1GDS1,1.1172065121119863,3,RAP1GDS1
RAPGEF1,-0.3038621970353687,4,RAPGEF1
RAPGEF2,-0.6238986500867127,5,RAPGEF2
RAPGEF3,-1.7569683603216335,5,RAPGEF3
RAPGEF4,-1.5575718571179098,5,RAPGEF4
RARA,0.43433935445026295,2,RARA
RARG,0.2507364126437808,3,RARG
RASSF5,1.2101349333304547,4,RASSF5
RBCK1,0.4529536749918976,6,RBCK1
RCAN1,2.1496118426984445,3,RCAN1
RECQL4,-0.500915916251012,3,RECQL4
RFWD3,-0.34023103152672035,2,RFWD3
RGMA,1.0535188099974246,4,RGMA
RGS2,-1.9371072641639846,3,RGS2
RHEB,-1.4297707063202212,2,RHEB
RIN1,0.415058369164227,3,RIN1
RIPK1,-1.4422736334911805,3,RIPK1
RIT2,-0.5028877233333058,4,RIT2
RLF,0.4195841703239427,4,RLF
RNASE2,-0.6342181376096551,5,RNASE2
RNF146,-0.2591848670636744,2,RNF146
RNF149,2.160533540030409,4,RNF149
RNF216,-0.34681916459752904,3,RNF216
RNF5,0.5875535922551838,4,RNF5
RNF7,-0.27825954877042175,3,RNF7
RORA,4.224480688649469,1,RORA
RPA1,-0.9084429135740133,4,RPA1
RPA2,1.262689667901012,5,RPA2
RPL13A,0.5844289758225977,3,RPL13A
RPS6KA1,0.2616588028448319,1,RPS6KA1
RPS6KA2,-0.2616588028448319,1,RPS6KA2
RPS6KA3,0.32697242352962513,2,RPS6KA3
RPS6KA4,0.32697242352962513,2,RPS6KA4
RUNX1,-0.2553518114538493,4,RUNX1
RUNX2,2.0290076951249576,0,RUNX2
RXRB,0.6326083459735276,3,RXRB
RYK,0.2591848670636744,2,RYK
S1PR3,1.3464585069164792,3,S1PR3
SDC4,0.2591848670636744,2,SDC4
SEMA5A,-1.0484356600146876,4,SEMA5A
SERPINA1,-2.2053461236104925,5,SERPINA1
SERPINC1,-2.2053461236104925,5,SERPINC1
SET,0.6649662385112761,3,SET
SETBP1,0.7820355879587861,4,SETBP1
SETD1A,0.6060989026346193,5,SETD1A
SGK2,0.7793034734559537,4,SGK2
SGK3,1.748602440771454,2,SGK3
SH2B2,1.805584031592174,4,SH2B2
SH3RF1,0.4782602130270417,2,SH3RF1
SHANK1,3.552948928790714,4,SHANK1
SHH,0.5184454061858005,3,SHH
SIAH1,1.349521381619773,2,SIAH1
SIAH2,2.320657993417816,2,SIAH2
SIPA1,0.5654115568234652,5,SIPA1
SIRT1,3.024288389325829,2,SIRT1
SIRT3,-0.5221730580400237,5,SIRT3
SIRT5,-3.715594982048678,5,SIRT5
SIRT6,-0.581245763858422,5,SIRT6
SLC9A3R1,1.2628697274982157,4,SLC9A3R1
SMAD2,0.32697242352962513,2,SMAD2
SMAD3,2.319803604759109,0,SMAD3
SMAD4,-0.28517360153442733,3,SMAD4
SMAD6,2.0830317586851566,0,SMAD6
SMO,0.42143637939684664,2,SMO
SMURF2,0.2824066520894759,2,SMURF2
SNAI1,2.08646533272811,0,SNAI1
SNTA1,0.5665787087871124,5,SNTA1
SOS1,0.4708812353983217,3,SOS1
SP1,0.29425542998001497,4,SP1
SPI1,-0.5783594953051894,3,SPI1
SPRY1,-0.5005199782399014,4,SPRY1
SPRY4,1.3142682910576045,4,SPRY4
STAT3,-0.500915916251012,3,STAT3
STK11,-1.2463923336011888,2,STK11
SUMO1,3.408755626665241,2,SUMO1
SYN1,3.0164495791283454,4,SYN1
TAC1,3.1302697924922533,4,TAC1
TAC3,3.1302697924922533,4,TAC3
TAC4,1.7731328996437057,4,TAC4
TAGLN2,-3.0164495791283454,4,TAGLN2
TBXA2R,1.9371072641639846,3,TBXA2R
TDG,0.36828790706307313,2,TDG
TEC,-0.9123674127207972,4,TEC
TELO2,-1.4297707063202212,2,TELO2
TFEB,4.119400609352634,0,TFEB
TICAM2,-0.674489832406799,4,TICAM2
TIGIT,-0.8497203383129937,5,TIGIT
TIMELESS,-0.843539235478528,3,TIMELESS
TIMP2,-0.6913597817243899,5,TIMP2
TIPIN,-1.4063638572212065,4,TIPIN
TLX1,0.6649662385112761,3,TLX1
TM9SF4,1.4297707063202212,2,TM9SF4
TNF,-0.612837434479794,4,TNF
TNFRSF10A,-2.38668522121473,4,TNFRSF10A
TNFRSF10B,-2.38668522121473,4,TNFRSF10B
TNFRSF1A,-0.6250441534047757,3,TNFRSF1A
TNFRSF1B,-0.6250441534047757,3,TNFRSF1B
TNFSF10,-3.0045429019367513,5,TNFSF10
TNFSF14,-1.088701408309889,4,TNFSF14
TNFSF15,-0.9904346005146026,5,TNFSF15
TOLLIP,1.4026446567957027,4,TOLLIP
TOPBP1,-0.33904059393250985,3,TOPBP1
TP53BP1,-0.34023103152672035,2,TP53BP1
TP53INP1,-0.4670962010040217,4,TP53INP1
TP73,-2.8279998496988843,3,TP73
TPH1,4.264837508710521,4,TPH1
TRADD,-0.6250441534047757,3,TRADD
TRAF2,-0.446805726414275,2,TRAF2
TRIM21,0.500915916251012,3,TRIM21
TRIM25,-0.33760847272904787,2,TRIM25
TRIM27,0.8725516526555034,4,TRIM27
TRIM28,0.2784293601653381,3,TRIM28
TRIM41,-1.2379818280569144,2,TRIM41
TRIM47,0.6250441534047757,3,TRIM47
TRIM59,0.5560933812209713,4,TRIM59
TRPM7,0.8836216911254824,6,TRPM7
TSC1,1.7742269026577329,3,TSC1
TSC2,1.7742269026577329,3,TSC2
TTL,0.7674232636823258,6,TTL
TWIST1,1.192645629100278,3,TWIST1
TYK2,-0.4737755056529856,3,TYK2
TYSND1,3.715594982048678,5,TYSND1
UBE2D3,1.4048903426960917,4,UBE2D3
UBE2I,-1.5189261206765015,1,UBE2I
UBE3A,-2.398618038861566,4,UBE3A
UBE4B,0.34023103152672035,2,UBE4B
UBQLN2,-1.9371072641639846,3,UBQLN2
UBR5,-0.6138142922925696,5,UBR5
UHMK1,0.7241119246105827,4,UHMK1
ULK1,-0.47619034512127256,3,ULK1
ULK2,3.2936974983886724,4,ULK2
UNC5A,1.088701408309889,4,UNC5A
UNC5B,-0.6538570808292827,3,UNC5B
USP17L2,-0.7219718494648228,3,USP17L2
USP6,0.6258939204811267,6,USP6
UTS2,1.7731328996437057,4,UTS2
VAV1,-0.40672836531582846,2,VAV1
VAV2,1.2583191348716252,3,VAV2
VDAC2,-0.544071702687551,4,VDAC2
VPS39,0.595414642675921,4,VPS39
WDFY3,-0.6451366710128783,4,WDFY3
WNT10A,1.044189058007423,3,WNT10A
WNT10B,1.0349668230358628,3,WNT10B
WNT2,1.0349668230358628,3,WNT2
WNT2B,1.0036640393021603,3,WNT2B
WNT3,0.5364817662748518,3,WNT3
WNT3A,1.0383967086670187,3,WNT3A
WNT4,1.0349668230358628,3,WNT4
WNT5A,0.4461554235845983,3,WNT5A
WNT5B,1.044189058007423,3,WNT5B
WNT6,0.9870020436087154,3,WNT6
WNT7A,1.0349668230358628,3,WNT7A
WNT7B,1.0036640393021603,3,WNT7B
WNT9A,1.0675434247789326,3,WNT9A
WNT9B,1.0675434247789326,3,WNT9B
WSB1,2.320657993417816,2,WSB1
YWHAE,-0.7241119246105827,4,YWHAE
YWHAQ,-0.32333450851884465,2,YWHAQ
ZC3HAV1,-0.9261496196801537,4,ZC3HAV1
ZEB2,2.866914038118795,0,ZEB2
ZFP36,0.581245763858422,5,ZFP36
ZNRF3,-0.4148658698342275,3,ZNRF3
